https://blog.mobileamericannotary.com/apostille-vs-embassy-legalization/,https://blog.mobileamericannotary.com/do-i-need-an-apostille-or-embassy-legalization-how-to-tell/
https://blog.mobileamericannotary.com/mobile-notary-for-los-angeles-and-orange-county-jails-how-to-schedule-a-jail-notarization-fast/,https://blog.mobileamericannotary.com/mobile-notary-for-los-angeles-orange-county-jails-how-to-schedule-a-jail-notarization-fast/
https://www.mobileamericannotary.com/YOUR-SQUARE-LINK,https://www.mobileamericannotary.com/pricing.html
https://www.mobileamericannotary.com/about-us,https://www.mobileamericannotary.com/about.html
https://www.mobileamericannotary.com/about/,https://www.mobileamericannotary.com/about.html
https://www.mobileamericannotary.com/apostille.html,https://www.mobileamericannotary.com/services/apostille.html
https://www.mobileamericannotary.com/apostilles,https://www.mobileamericannotary.com/services/apostille.html
https://www.mobileamericannotary.com/blog/4-reasons-to-hire-mobile-american-notary,https://blog.mobileamericannotary.com/
https://www.mobileamericannotary.com/blog/7-common-apostille-mistakes-california/,https://blog.mobileamericannotary.com/7-common-apostille-mistakes-and-how-to-avoid-them-in-california/
https://www.mobileamericannotary.com/blog/apostille-vs-embassy-legalization/,https://blog.mobileamericannotary.com/do-i-need-an-apostille-or-embassy-legalization-how-to-tell/
https://www.mobileamericannotary.com/blog/category/general-notary/,https://blog.mobileamericannotary.com/tag/general-notary/
https://www.mobileamericannotary.com/blog/documents-notarized-everything-you-need-to-know,https://blog.mobileamericannotary.com/
https://www.mobileamericannotary.com/blog/expedited-apostille-processing-in-under-two-weeks,https://blog.mobileamericannotary.com/
https://www.mobileamericannotary.com/blog/general-notary/hospital-and-care-facility-mobile-notary-los-angeles,https://blog.mobileamericannotary.com/mobile-notary-for-hospitals-and-care-facilities-in-los-angeles-what-families-need-to-know/
https://www.mobileamericannotary.com/blog/general-notary/what-does-a-mobile-notary-do-in-los-angeles-and-when-do-you-need-one/,https://blog.mobileamericannotary.com/what-does-a-mobile-notary-do-in-los-angeles-and-when-do-you-need-one/
https://www.mobileamericannotary.com/blog/jail-notary-los-angeles-orange-county/,https://blog.mobileamericannotary.com/mobile-notary-for-los-angeles-orange-county-jails-how-to-schedule-a-jail-notarization-fast/
https://www.mobileamericannotary.com/blog/mobile-notary-hospitals-los-angeles/,https://blog.mobileamericannotary.com/mobile-notary-for-hospitals-and-care-facilities-in-los-angeles-what-families-need-to-know/
https://www.mobileamericannotary.com/contact-us,https://www.mobileamericannotary.com/#email-contact-title
https://www.mobileamericannotary.com/document-translations,https://www.mobileamericannotary.com/services/translations.html
https://www.mobileamericannotary.com/footer.html,https://www.mobileamericannotary.com/
https://www.mobileamericannotary.com/header.html,https://www.mobileamericannotary.com/
https://www.mobileamericannotary.com/index.html,https://www.mobileamericannotary.com/
https://www.mobileamericannotary.com/jail-weddings/los-angeles-county/,https://www.mobileamericannotary.com/services/jail-weddings.html
https://www.mobileamericannotary.com/jail-weddings/orange-county/,https://www.mobileamericannotary.com/services/jail-weddings.html
https://www.mobileamericannotary.com/jail-weddings/san-bernardino-county/,https://www.mobileamericannotary.com/services/jail-weddings.html
https://www.mobileamericannotary.com/jail-weddings/santa-barbara-county/,https://www.mobileamericannotary.com/services/jail-weddings.html
https://www.mobileamericannotary.com/landing-apostille-court-documents.html,https://www.mobileamericannotary.com/services/apostille/court-documents.html
https://www.mobileamericannotary.com/landing-valencia-santa-clarita-notary.html,https://www.mobileamericannotary.com/locations/valencia-santa-clarita.html
https://www.mobileamericannotary.com/landing/apostille-business-articles-incorporation.html,https://www.mobileamericannotary.com/services/apostille/business-corporate/articles-incorporation.html
https://www.mobileamericannotary.com/landing/apostille-business-corporate.html,https://www.mobileamericannotary.com/services/apostille/business-corporate.html
https://www.mobileamericannotary.com/landing/apostille-business-good-standing.html,https://www.mobileamericannotary.com/services/apostille/business-corporate/good-standing.html
https://www.mobileamericannotary.com/landing/apostille-business-resolutions.html,https://www.mobileamericannotary.com/services/apostille/business-corporate/resolutions.html
https://www.mobileamericannotary.com/landing/apostille-court-adoption.html,https://www.mobileamericannotary.com/services/apostille/court-documents/adoption.html
https://www.mobileamericannotary.com/landing/apostille-court-custody-name-change.html,https://www.mobileamericannotary.com/services/apostille/court-documents/custody-name-change.html
https://www.mobileamericannotary.com/landing/apostille-court-divorce-decree.html,https://www.mobileamericannotary.com/services/apostille/court-documents/divorce-decree.html
https://www.mobileamericannotary.com/landing/apostille-court-documents.html,https://www.mobileamericannotary.com/services/apostille/court-documents.html
https://www.mobileamericannotary.com/landing/apostille-federal-birth-abroad.html,https://www.mobileamericannotary.com/services/apostille/federal-documents/birth-abroad.html
https://www.mobileamericannotary.com/landing/apostille-federal-court-documents.html,https://www.mobileamericannotary.com/services/apostille/federal-documents/federal-court-documents.html
https://www.mobileamericannotary.com/landing/apostille-federal-death-abroad.html,https://www.mobileamericannotary.com/services/apostille/federal-documents/death-abroad.html
https://www.mobileamericannotary.com/landing/apostille-federal-documents.html,https://www.mobileamericannotary.com/services/apostille/federal-documents.html
https://www.mobileamericannotary.com/landing/apostille-federal-fbi-background-check.html,https://www.mobileamericannotary.com/services/apostille/federal-documents/fbi-background-check.html
https://www.mobileamericannotary.com/landing/apostille-federal-nara-documents.html,https://www.mobileamericannotary.com/services/apostille/federal-documents/nara-documents.html
https://www.mobileamericannotary.com/landing/apostille-federal-uscis-naturalization-name-change.html,https://www.mobileamericannotary.com/services/apostille/federal-documents/uscis-naturalization-name-change.html
https://www.mobileamericannotary.com/landing/apostille-philippines-spa.html,https://www.mobileamericannotary.com/locations/apostille-philippines-spa.html
https://www.mobileamericannotary.com/landing/apostille-poa-notarized.html,https://www.mobileamericannotary.com/services/apostille/notarized-documents.html
https://www.mobileamericannotary.com/landing/apostille-same-day-los-angeles.html,https://www.mobileamericannotary.com/services/apostille/expedited/same-day-los-angeles.html
https://www.mobileamericannotary.com/landing/apostille-school-academic.html,https://www.mobileamericannotary.com/services/apostille/school-academic.html
https://www.mobileamericannotary.com/landing/apostille-school-diploma-college.html,https://www.mobileamericannotary.com/services/apostille/school-academic/diploma-college.html
https://www.mobileamericannotary.com/landing/apostille-school-transcript-college.html,https://www.mobileamericannotary.com/services/apostille/school-academic/transcript-college.html
https://www.mobileamericannotary.com/landing/apostille-school-transcript-high-school.html,https://www.mobileamericannotary.com/services/apostille/school-academic/transcript-high-school.html
https://www.mobileamericannotary.com/landing/apostille-vital-birth.html,https://www.mobileamericannotary.com/services/apostille/vital-records/birth.html
https://www.mobileamericannotary.com/landing/apostille-vital-death.html,https://www.mobileamericannotary.com/services/apostille/vital-records/death.html
https://www.mobileamericannotary.com/landing/apostille-vital-divorce.html,https://www.mobileamericannotary.com/services/apostille/vital-records/divorce.html
https://www.mobileamericannotary.com/landing/apostille-vital-documents.html,https://www.mobileamericannotary.com/services/apostille/vital-records.html
https://www.mobileamericannotary.com/landing/apostille-vital-marriage.html,https://www.mobileamericannotary.com/services/apostille/vital-records/marriage.html
https://www.mobileamericannotary.com/landing/notary-estate-planning-los-angeles.html,https://www.mobileamericannotary.com/services/notary.html
https://www.mobileamericannotary.com/landing/notary-hospital-medical-los-angeles.html,https://www.mobileamericannotary.com/services/notary-hospital.html
https://www.mobileamericannotary.com/landing/notary-jail-mens-central.html,https://www.mobileamericannotary.com/services/notary/jail/la-mens-central.html
https://www.mobileamericannotary.com/leave-review,https://www.mobileamericannotary.com/#home-reviews-title
https://www.mobileamericannotary.com/locations/index.html,https://www.mobileamericannotary.com/locations/
https://www.mobileamericannotary.com/locations/agoura-hills-notary-apostille.html,https://www.mobileamericannotary.com/locations/calabasas.html
https://www.mobileamericannotary.com/locations/apostille-germany.html,https://www.mobileamericannotary.com/services/apostille.html
https://www.mobileamericannotary.com/locations/apostille-mexico.html,https://www.mobileamericannotary.com/services/apostille/destination-countries/mexico.html
https://www.mobileamericannotary.com/locations/beverly-hills-notary-apostille.html,https://www.mobileamericannotary.com/locations/beverly-hills.html
https://www.mobileamericannotary.com/locations/burbank-glendale-notary-apostille.html,https://www.mobileamericannotary.com/locations/burbank-glendale.html
https://www.mobileamericannotary.com/locations/burbank-notary-apostille.html,https://www.mobileamericannotary.com/locations/burbank-glendale.html
https://www.mobileamericannotary.com/locations/calabasas-notary-apostille.html,https://www.mobileamericannotary.com/locations/calabasas.html
https://www.mobileamericannotary.com/locations/century-city-notary-apostille.html,https://www.mobileamericannotary.com/locations/beverly-hills.html
https://www.mobileamericannotary.com/locations/chatsworth-northridge-notary-apostille.html,https://www.mobileamericannotary.com/locations/chatsworth-northridge.html
https://www.mobileamericannotary.com/locations/chatsworth-notary-apostille.html,https://www.mobileamericannotary.com/locations/chatsworth-northridge.html
https://www.mobileamericannotary.com/locations/culver-city-notary-apostille.html,https://www.mobileamericannotary.com/locations/santa-monica-venice-marina-del-rey.html
https://www.mobileamericannotary.com/locations/downtown-los-angeles-notary-apostille.html,https://www.mobileamericannotary.com/locations/downtown-los-angeles.html
https://www.mobileamericannotary.com/locations/eagle-rock-notary-apostille.html,https://www.mobileamericannotary.com/locations/eagle-rock.html
https://www.mobileamericannotary.com/locations/encino-tarzana-notary-apostille.html,https://www.mobileamericannotary.com/locations/encino-tarzana.html
https://www.mobileamericannotary.com/locations/granada-hills-notary-apostille.html,https://www.mobileamericannotary.com/locations/granada-hills-porter-ranch.html
https://www.mobileamericannotary.com/locations/granada-hills-porter-ranch-apostille-notary.html,https://www.mobileamericannotary.com/locations/granada-hills-porter-ranch.html
https://www.mobileamericannotary.com/locations/granada-hills-porter-ranch-notary-apostille.html,https://www.mobileamericannotary.com/locations/granada-hills-porter-ranch.html
https://www.mobileamericannotary.com/locations/hollywood-west-hollywood-notary-apostille.html,https://www.mobileamericannotary.com/locations/hollywood-west-hollywood.html
https://www.mobileamericannotary.com/locations/los-angeles-mobile-notary.html,https://www.mobileamericannotary.com/locations/downtown-los-angeles.html
https://www.mobileamericannotary.com/locations/los-feliz-notary-apostille.html,https://www.mobileamericannotary.com/locations/hollywood-west-hollywood.html
https://www.mobileamericannotary.com/locations/mission-hills-notary-apostille.html,https://www.mobileamericannotary.com/locations/granada-hills-porter-ranch.html
https://www.mobileamericannotary.com/locations/north-hollywood-notary-apostille.html,https://www.mobileamericannotary.com/locations/north-hollywood.html
https://www.mobileamericannotary.com/locations/pacoima-notary-apostille.html,https://www.mobileamericannotary.com/locations/sylmar-sun-valley-pacoima.html
https://www.mobileamericannotary.com/locations/pasadena-altadena-notary-apostille.html,https://www.mobileamericannotary.com/locations/pasadena-altadena.html
https://www.mobileamericannotary.com/locations/pasadena-notary-apostille.html,https://www.mobileamericannotary.com/locations/pasadena-altadena.html
https://www.mobileamericannotary.com/locations/playa-vista-notary-apostille.html,https://www.mobileamericannotary.com/locations/santa-monica-venice-marina-del-rey.html
https://www.mobileamericannotary.com/locations/porter-ranch-notary-apostille.html,https://www.mobileamericannotary.com/locations/granada-hills-porter-ranch.html
https://www.mobileamericannotary.com/locations/reseda-notary-apostille.html,https://www.mobileamericannotary.com/locations/reseda-winnetka-lake-balboa.html
https://www.mobileamericannotary.com/locations/reseda-winnetka-lake-balboa-notary-apostille.html,https://www.mobileamericannotary.com/locations/reseda-winnetka-lake-balboa.html
https://www.mobileamericannotary.com/locations/san-fernando-notary-apostille.html,https://www.mobileamericannotary.com/locations/san-fernando.html
https://www.mobileamericannotary.com/locations/santa-monica-venice-marina-del-rey-notary-apostille.html,https://www.mobileamericannotary.com/locations/santa-monica-venice-marina-del-rey.html
https://www.mobileamericannotary.com/locations/sherman-oaks-notary-apostille.html,https://www.mobileamericannotary.com/locations/sherman-oaks-studio-city.html
https://www.mobileamericannotary.com/locations/sherman-oaks-studio-city-notary-apostille.html,https://www.mobileamericannotary.com/locations/sherman-oaks-studio-city.html
https://www.mobileamericannotary.com/locations/simi-valley-notary-apostille.html,https://www.mobileamericannotary.com/locations/simi-valley.html
https://www.mobileamericannotary.com/locations/sylmar-notary-apostille.html,https://www.mobileamericannotary.com/locations/sylmar-sun-valley-pacoima.html
https://www.mobileamericannotary.com/locations/sylmar-sun-valley-pacoima-notary-apostille.html,https://www.mobileamericannotary.com/locations/sylmar-sun-valley-pacoima.html
https://www.mobileamericannotary.com/locations/thousand-oaks-notary-apostille.html,https://www.mobileamericannotary.com/locations/thousand-oaks-westlake-village.html
https://www.mobileamericannotary.com/locations/thousand-oaks-westlake-village-notary-apostille.html,https://www.mobileamericannotary.com/locations/thousand-oaks-westlake-village.html
https://www.mobileamericannotary.com/locations/valencia-santa-clarita-notary-apostille.html,https://www.mobileamericannotary.com/locations/valencia-santa-clarita.html
https://www.mobileamericannotary.com/locations/valencia-santa-clarita-notary.html,https://www.mobileamericannotary.com/locations/valencia-santa-clarita.html
https://www.mobileamericannotary.com/locations/van-nuys-notary-apostille.html,https://www.mobileamericannotary.com/locations/van-nuys-panorama-city.html
https://www.mobileamericannotary.com/locations/west-hollywood-notary-apostille.html,https://www.mobileamericannotary.com/locations/hollywood-west-hollywood.html
https://www.mobileamericannotary.com/locations/westwood-notary-apostille.html,https://www.mobileamericannotary.com/locations/westwood.html
https://www.mobileamericannotary.com/locations/woodland-hills-notary-apostille.html,https://www.mobileamericannotary.com/locations/woodland-hills-west-hills-canoga-park.html
https://www.mobileamericannotary.com/locations/woodland-hills-west-hills-canoga-park-notary-apostille.html,https://www.mobileamericannotary.com/locations/woodland-hills-west-hills-canoga-park.html
https://www.mobileamericannotary.com/notary-services,https://www.mobileamericannotary.com/services/notary.html
https://www.mobileamericannotary.com/notary.html,https://www.mobileamericannotary.com/services/notary.html
https://www.mobileamericannotary.com/pricing/,https://www.mobileamericannotary.com/pricing.html
https://www.mobileamericannotary.com/privacy-policy,https://www.mobileamericannotary.com/privacy.html
https://www.mobileamericannotary.com/services/apostille/business-articles-incorporation.html,https://www.mobileamericannotary.com/services/apostille/business-corporate/articles-incorporation.html
https://www.mobileamericannotary.com/services/apostille/business-good-standing.html,https://www.mobileamericannotary.com/services/apostille/business-corporate/good-standing.html
https://www.mobileamericannotary.com/services/apostille/business-resolutions.html,https://www.mobileamericannotary.com/services/apostille/business-corporate/resolutions.html
https://www.mobileamericannotary.com/services/apostille/country-cuba.html,https://www.mobileamericannotary.com/services/apostille/destination-countries/cuba.html
https://www.mobileamericannotary.com/services/apostille/country-mexico.html,https://www.mobileamericannotary.com/services/apostille/destination-countries/mexico.html
https://www.mobileamericannotary.com/services/apostille/country-spain.html,https://www.mobileamericannotary.com/services/apostille/destination-countries/spain.html
https://www.mobileamericannotary.com/services/apostille/country-taiwan.html,https://www.mobileamericannotary.com/services/apostille/destination-countries/taiwan.html
https://www.mobileamericannotary.com/services/apostille/country-thailand.html,https://www.mobileamericannotary.com/services/apostille/destination-countries/thailand.html
https://www.mobileamericannotary.com/services/apostille/court-adoption.html,https://www.mobileamericannotary.com/services/apostille/court-documents/adoption.html
https://www.mobileamericannotary.com/services/apostille/court-custody-name-change.html,https://www.mobileamericannotary.com/services/apostille/court-documents/custody-name-change.html
https://www.mobileamericannotary.com/services/apostille/court-divorce-decree.html,https://www.mobileamericannotary.com/services/apostille/court-documents/divorce-decree.html
https://www.mobileamericannotary.com/services/apostille/federal-birth-abroad.html,https://www.mobileamericannotary.com/services/apostille/federal-documents/birth-abroad.html
https://www.mobileamericannotary.com/services/apostille/federal-court-documents.html,https://www.mobileamericannotary.com/services/apostille/federal-documents/federal-court-documents.html
https://www.mobileamericannotary.com/services/apostille/federal-death-abroad.html,https://www.mobileamericannotary.com/services/apostille/federal-documents/death-abroad.html
https://www.mobileamericannotary.com/services/apostille/federal-fbi-background-check.html,https://www.mobileamericannotary.com/services/apostille/federal-documents/fbi-background-check.html
https://www.mobileamericannotary.com/services/apostille/federal-nara-documents.html,https://www.mobileamericannotary.com/services/apostille/federal-documents/nara-documents.html
https://www.mobileamericannotary.com/services/apostille/federal-uscis-naturalization-name-change.html,https://www.mobileamericannotary.com/services/apostille/federal-documents/uscis-naturalization-name-change.html
https://www.mobileamericannotary.com/services/apostille/poa-notarized.html,https://www.mobileamericannotary.com/services/apostille/notarized-documents.html
https://www.mobileamericannotary.com/services/apostille/school-diploma-college.html,https://www.mobileamericannotary.com/services/apostille/school-academic/diploma-college.html
https://www.mobileamericannotary.com/services/apostille/school-diploma-high-school.html,https://www.mobileamericannotary.com/services/apostille/school-academic/diploma-high-school.html
https://www.mobileamericannotary.com/services/apostille/school-enrollment-graduation-letters.html,https://www.mobileamericannotary.com/services/apostille/school-academic/enrollment-graduation-letters.html
https://www.mobileamericannotary.com/services/apostille/school-transcript-college.html,https://www.mobileamericannotary.com/services/apostille/school-academic/transcript-college.html
https://www.mobileamericannotary.com/services/apostille/school-transcript-high-school.html,https://www.mobileamericannotary.com/services/apostille/school-academic/transcript-high-school.html
https://www.mobileamericannotary.com/services/apostille/vital-birth.html,https://www.mobileamericannotary.com/services/apostille/vital-records/birth.html
https://www.mobileamericannotary.com/services/apostille/vital-death.html,https://www.mobileamericannotary.com/services/apostille/vital-records/death.html
https://www.mobileamericannotary.com/services/apostille/vital-divorce.html,https://www.mobileamericannotary.com/services/apostille/vital-records/divorce.html
https://www.mobileamericannotary.com/services/apostille/vital-documents.html,https://www.mobileamericannotary.com/services/apostille/vital-records.html
https://www.mobileamericannotary.com/services/apostille/vital-marriage.html,https://www.mobileamericannotary.com/services/apostille/vital-records/marriage.html
https://www.mobileamericannotary.com/services/jail-weddings/benoit-indio.html,https://www.mobileamericannotary.com/services/notary/jail/riv-benoit-indio.html
https://www.mobileamericannotary.com/services/jail-weddings/twin-towers.html,https://www.mobileamericannotary.com/services/jail-weddings/la-twin-towers.html
https://www.mobileamericannotary.com/services/jail-weddings/ventura-todd-road.html,https://www.mobileamericannotary.com/services/notary/jail/vn-todd-road.html
https://www.mobileamericannotary.com/services/livescan.html,https://www.mobileamericannotary.com/
https://www.mobileamericannotary.com/services/notary-airport-lax.html,https://www.mobileamericannotary.com/services/notary.html
https://www.mobileamericannotary.com/services/notary-estate-planning.html,https://www.mobileamericannotary.com/services/notary.html
https://www.mobileamericannotary.com/services/notary-general.html,https://www.mobileamericannotary.com/services/notary/general.html
https://www.mobileamericannotary.com/services/notary-hospital.html,https://www.mobileamericannotary.com/services/notary/hospital.html
https://www.mobileamericannotary.com/services/notary-hospital/beverly-grove-cedars-sinai.html,https://www.mobileamericannotary.com/services/notary/hospital/beverly-grove-cedars-sinai.html
https://www.mobileamericannotary.com/services/notary-hospital/boyle-heights-keck-usc.html,https://www.mobileamericannotary.com/services/notary/hospital/boyle-heights-keck-usc.html
https://www.mobileamericannotary.com/services/notary-hospital/burbank-providence-saint-joseph.html,https://www.mobileamericannotary.com/services/notary/hospital/burbank-providence-saint-joseph.html
https://www.mobileamericannotary.com/services/notary-hospital/east-hollywood-presbyterian.html,https://www.mobileamericannotary.com/services/notary/hospital/east-hollywood-presbyterian.html
https://www.mobileamericannotary.com/services/notary-hospital/encino-hospital-medical-center.html,https://www.mobileamericannotary.com/services/notary/hospital/encino-hospital-medical-center.html
https://www.mobileamericannotary.com/services/notary-hospital/hollywood-kaiser.html,https://www.mobileamericannotary.com/services/notary/hospital/hollywood-kaiser.html
https://www.mobileamericannotary.com/services/notary-hospital/mission-hills-providence-holy-cross.html,https://www.mobileamericannotary.com/services/notary/hospital/mission-hills-providence-holy-cross.html
https://www.mobileamericannotary.com/services/notary-hospital/northridge-dignity-northridge.html,https://www.mobileamericannotary.com/services/notary/hospital/northridge-dignity-northridge.html
https://www.mobileamericannotary.com/services/notary-hospital/simi-valley-adventist.html,https://www.mobileamericannotary.com/services/notary/hospital/simi-valley-adventist.html
https://www.mobileamericannotary.com/services/notary-hospital/sylmar-olive-view-ucla.html,https://www.mobileamericannotary.com/services/notary/hospital/sylmar-olive-view-ucla.html
https://www.mobileamericannotary.com/services/notary-hospital/tarzana-providence-cedars-sinai.html,https://www.mobileamericannotary.com/services/notary/hospital/tarzana-providence-cedars-sinai.html
https://www.mobileamericannotary.com/services/notary-hospital/thousand-oaks-los-robles.html,https://www.mobileamericannotary.com/services/notary/hospital/thousand-oaks-los-robles.html
https://www.mobileamericannotary.com/services/notary-hospital/valencia-henry-mayo.html,https://www.mobileamericannotary.com/services/notary/hospital/valencia-henry-mayo.html
https://www.mobileamericannotary.com/services/notary-hospital/van-nuys-valley-presbyterian.html,https://www.mobileamericannotary.com/services/notary/hospital/van-nuys-valley-presbyterian.html
https://www.mobileamericannotary.com/services/notary-hospital/west-hills-ucla-west-valley.html,https://www.mobileamericannotary.com/services/notary/hospital/west-hills-ucla-west-valley.html
https://www.mobileamericannotary.com/services/notary-hospital/westwood-ucla.html,https://www.mobileamericannotary.com/services/notary/hospital/westwood-ucla.html
https://www.mobileamericannotary.com/services/notary-hospital/woodland-hills-kaiser.html,https://www.mobileamericannotary.com/services/notary/hospital/woodland-hills-kaiser.html
https://www.mobileamericannotary.com/services/notary-jail.html,https://www.mobileamericannotary.com/services/notary/jail.html
https://www.mobileamericannotary.com/services/notary-jail/la-crdf-lynwood.html,https://www.mobileamericannotary.com/services/notary/jail/la-crdf-lynwood.html
https://www.mobileamericannotary.com/services/notary-jail/la-mdc.html,https://www.mobileamericannotary.com/services/notary/jail/la-mdc.html
https://www.mobileamericannotary.com/services/notary-jail/la-mens-central.html,https://www.mobileamericannotary.com/services/notary/jail/la-mens-central.html
https://www.mobileamericannotary.com/services/notary-jail/la-nccf.html,https://www.mobileamericannotary.com/services/notary/jail/la-nccf.html
https://www.mobileamericannotary.com/services/notary-jail/la-pitchess.html,https://www.mobileamericannotary.com/services/notary/jail/la-pitchess.html
https://www.mobileamericannotary.com/services/notary-jail/la-twin-towers.html,https://www.mobileamericannotary.com/services/notary/jail/la-twin-towers.html
https://www.mobileamericannotary.com/services/notary-jail/oc-central.html,https://www.mobileamericannotary.com/services/notary/jail/oc-central.html
https://www.mobileamericannotary.com/services/notary-jail/oc-musick.html,https://www.mobileamericannotary.com/services/notary/jail/oc-musick.html
https://www.mobileamericannotary.com/services/notary-jail/oc-theo-lacy.html,https://www.mobileamericannotary.com/services/notary/jail/oc-theo-lacy.html
https://www.mobileamericannotary.com/services/notary-jail/riv-benoit-indio.html,https://www.mobileamericannotary.com/services/notary/jail/riv-benoit-indio.html
https://www.mobileamericannotary.com/services/notary-jail/riv-larry-smith.html,https://www.mobileamericannotary.com/services/notary/jail/riv-larry-smith.html
https://www.mobileamericannotary.com/services/notary-jail/riv-robert-presley.html,https://www.mobileamericannotary.com/services/notary/jail/riv-robert-presley.html
https://www.mobileamericannotary.com/services/notary-jail/riv-southwest.html,https://www.mobileamericannotary.com/services/notary/jail/riv-southwest.html
https://www.mobileamericannotary.com/services/notary-jail/sba-main-jail.html,https://www.mobileamericannotary.com/services/notary/jail/sba-main-jail.html
https://www.mobileamericannotary.com/services/notary-jail/southwest-riv.html,https://www.mobileamericannotary.com/services/notary/jail/riv-southwest.html
https://www.mobileamericannotary.com/services/notary-jail/vn-todd-road.html,https://www.mobileamericannotary.com/services/notary/jail/vn-todd-road.html
https://www.mobileamericannotary.com/services/notary-real-estate.html,https://www.mobileamericannotary.com/services/notary/real-estate.html
https://www.mobileamericannotary.com/services/notary/affidavit-of-support.html,https://www.mobileamericannotary.com/services/notary/general/affidavit-of-support.html
https://www.mobileamericannotary.com/services/notary/bill-of-sale.html,https://www.mobileamericannotary.com/services/notary/general/bill-of-sale.html
https://www.mobileamericannotary.com/services/notary/copy-certification.html,https://www.mobileamericannotary.com/services/notary/general/copy-certification.html
https://www.mobileamericannotary.com/services/notary/general-affidavit.html,https://www.mobileamericannotary.com/services/notary/general/general-affidavit.html
https://www.mobileamericannotary.com/services/notary/guardianship-authorization.html,https://www.mobileamericannotary.com/services/notary/general/guardianship-authorization.html
https://www.mobileamericannotary.com/services/notary/letter-of-resignation.html,https://www.mobileamericannotary.com/services/notary/general/letter-of-resignation.html
https://www.mobileamericannotary.com/services/notary/minor-travel-consent.html,https://www.mobileamericannotary.com/services/notary/general/minor-travel-consent.html
https://www.mobileamericannotary.com/services/notary/name-change-affidavit.html,https://www.mobileamericannotary.com/services/notary/general/name-change-affidavit.html
https://www.mobileamericannotary.com/services/notary/passport-consent-ds3053.html,https://www.mobileamericannotary.com/services/notary/general/passport-consent-ds3053.html
https://www.mobileamericannotary.com/services/notary/power-of-attorney.html,https://www.mobileamericannotary.com/services/notary/general/power-of-attorney.html
https://www.mobileamericannotary.com/testimonials,https://www.mobileamericannotary.com/#reviews
